0;0;0.0
1;1;0.0
2;2;0.0
3;3;0.0
4;4;0.0
5;5;0.0
6;6;0.0
7;7;0.0
8;8;0.0
9;9;0.0
10;10;0.0
11;11;0.0
12;12;0.0
13;13;0.0
14;14;0.0
15;15;0.0
16;16;0.0
17;17;0.0
18;18;0.0
19;19;0.0
20;20;0.0
21;21;0.0
22;22;0.0
23;27;3.612569306379814
24;24;0.0
25;25;0.0
26;26;0.0
27;27;0.0
28;28;0.0
29;29;0.0
30;30;0.0
31;31;0.0
32;32;0.0
33;33;0.0
34;34;0.5888348312823463
35;35;0.0
36;36;0.0
37;37;0.0
38;38;0.0
39;39;0.0
40;40;0.0
41;41;0.0
42;42;0.0
43;43;0.0
44;44;0.0
45;45;0.0
46;46;0.0
47;47;0.0
48;48;0.0
49;49;0.0
50;50;0.0
51;51;0.0
52;52;0.0
53;53;0.0
54;49;1.4167266610644471
55;54;0.0
56;55;0.0
57;56;0.0
58;58;0.0
59;59;0.0
60;60;0.0
61;61;0.0
62;62;0.0
63;63;0.0
64;64;0.0
65;65;0.0
66;66;0.0
67;67;0.0
68;68;0.0
69;69;0.0
70;70;0.0
71;71;0.0
72;72;0.0
73;73;0.0
74;74;0.0
75;75;0.0
76;76;0.0
77;77;0.0
78;74;1.5184629596843109
79;78;0.0
80;79;0.0
81;80;0.0
82;78;2.758724421453284
83;78;3.213090165667812
84;80;2.8164867828093603
85;82;0.0
86;83;0.0
87;84;0.0
88;82;1.8622028656672536
89;85;0.0
90;86;0.0
91;87;0.0
92;88;0.0
93;89;0.0
94;90;0.0
95;92;0.0
96;93;0.0
97;94;0.0
98;95;0.0
99;96;0.0
100;97;0.0
101;96;1.543324675064776
102;98;0.0
103;99;0.0
104;100;0.6586543889455535
105;99;1.0483851802112114
106;101;0.0
107;102;0.0
108;103;0.0
109;104;0.0
110;105;0.0
111;106;0.0
112;107;0.0
113;108;0.0
114;109;0.0
115;110;0.0
116;112;2.1617454680390837
117;111;0.0
118;112;0.0
119;113;0.0
120;114;0.0
121;115;0.0
122;116;0.0
123;117;0.0
124;118;0.0
125;119;0.0
126;121;0.0
127;122;0.0
128;123;0.0
129;124;0.0
130;125;0.0
131;126;0.0
132;127;0.0
133;128;0.0
134;129;0.0
135;146;4.008762555908781
136;131;4.091947387075865
137;132;0.0
138;133;0.0
139;134;0.0
140;135;0.0
141;136;0.8242260023063724
142;136;0.0
143;137;0.0
144;138;0.0
145;139;0.0
146;140;0.0
147;136;1.999877836799759
148;136;1.1415213417246082
149;141;0.0
150;142;0.0
151;143;0.0
152;144;1.3647622035783091
153;144;1.4435906591909897
154;144;1.3558983979513375
155;145;0.0
156;146;0.0
157;147;0.0
158;148;0.0
159;149;0.0
160;150;0.0
161;151;0.0
162;152;0.0
163;153;0.0
164;154;1.5839443824599209
165;154;0.0
166;155;0.0
167;156;0.0
168;154;1.2237609636925146
169;158;0.0
170;159;0.0
171;158;1.9826772558603027
172;160;0.0
173;161;0.0
174;162;0.0
175;163;0.0
176;164;0.0
177;165;0.0
178;166;0.0
179;167;0.0
180;167;1.3656354151955148
181;167;1.3195862786036234
182;167;1.6743821509342205
183;168;0.0
184;169;0.0
185;170;0.0
186;171;0.0
187;169;1.3145420305826632
188;172;0.5888348312823463
189;173;0.5888348312823463
190;120;1.6948677564067716
191;174;0.5888348312823463
192;175;0.6764505523837081
193;176;0.0
194;177;0.0
195;178;0.0
196;179;0.0
197;180;1.6281789523657952
198;181;0.0
199;182;0.0
200;183;0.0
201;184;0.0
202;185;0.0
203;186;0.0
204;187;0.0
205;188;0.0
206;189;0.0
207;190;0.0
208;191;0.0
209;192;0.0
210;193;0.0
211;194;0.0
212;195;0.0
213;196;0.0
214;197;0.0
215;198;0.0
216;199;0.0
217;201;1.3020195383728845
218;201;0.8979716629253269
219;201;1.1182061250681423
220;202;0.0
221;203;0.0
222;204;0.0
223;205;0.0
224;206;0.0
225;207;0.0
226;208;0.0
227;209;0.0
228;210;0.0
229;211;0.0
230;212;0.0
231;213;0.0
232;214;0.0
233;215;0.0
234;216;0.0
235;217;0.0
236;218;0.0
237;219;0.0
238;221;2.0273884282346093
239;221;0.0
240;223;0.6630835788723867
241;224;0.0
242;225;0.0
243;226;0.0
244;227;0.0
245;228;0.0
246;229;0.0
247;227;1.6540927508990164
248;211;1.6558438860371234
249;211;1.666302789134819
250;211;1.6290947750272844
251;230;0.0
252;231;0.0
253;232;0.0
254;233;0.0
255;234;0.0
256;235;0.0
257;236;0.0
258;237;0.0
259;238;0.0
260;239;0.0
261;240;0.0
262;241;0.0
263;242;0.0
264;243;0.0
265;244;0.0
266;245;0.0
267;246;0.0
268;251;0.0
269;252;0.0
270;253;0.0
271;254;0.0
272;255;0.0
273;256;0.0
274;258;0.0
275;259;0.0
276;260;0.0
277;261;0.0
278;262;0.0
279;263;0.0
280;264;0.0
281;265;0.0
282;266;0.0
283;267;0.0
284;268;0.0
285;269;0.0
286;270;0.0
287;271;0.0
288;272;0.0
289;273;0.0
290;274;0.0
291;275;0.0
292;276;0.0
293;277;0.0
294;278;0.0
295;279;0.0
296;280;0.0
297;281;0.0
298;279;1.1619424496336899
299;283;0.9003107272120715
300;284;0.0
301;285;0.0
302;286;0.0
303;287;0.0
304;288;0.0
305;289;0.0
306;290;0.0
307;291;0.0
308;292;0.0
309;293;0.0
310;294;0.0
311;295;0.0
312;296;0.0
313;297;0.0
314;298;0.0
315;299;0.0
316;300;0.0
317;301;0.0
318;302;0.0
319;303;0.0
320;304;0.0
321;305;0.0
322;306;0.0
323;307;0.0
324;308;0.0
325;309;0.0
326;310;0.0
327;311;0.0
328;312;0.0
329;313;0.0
330;314;0.0
331;315;0.0
332;316;0.0
333;317;0.0
334;318;0.0
335;319;0.0
336;320;0.0
337;321;0.0
338;322;0.0
339;323;0.0
340;324;0.0
341;325;0.0
342;326;0.0
343;327;0.0
344;328;0.0
345;329;0.0
346;328;1.0283968775282104
347;330;0.0
348;331;0.0
349;332;0.0
350;333;0.0
351;334;2.0166238996797197
352;335;0.0
353;336;0.0
354;337;0.0
355;338;0.0
356;339;0.0
357;340;0.0
358;341;0.0
359;342;0.0
360;343;0.0
361;344;0.0
362;345;0.0
363;346;0.0
364;347;0.0
365;348;0.0
366;349;0.0
367;350;0.0
368;351;0.0
369;352;0.0
370;353;0.0
371;354;0.0
372;366;2.581923360697622
373;366;2.54859214893489
374;332;2.2959861547058087
375;371;0.0
376;372;0.0
377;373;0.0
378;384;1.2855838653723337
379;374;1.1145495302848538
380;375;0.0
381;376;0.0
382;377;0.0
383;378;0.0
384;379;0.0
385;380;0.0
386;381;0.0
387;384;0.9820870699884823
388;374;0.8059262831500595
389;383;0.0
390;384;0.0
391;385;0.0
392;386;0.0
393;387;0.0
394;388;0.0
395;389;0.0
396;390;0.0
397;391;0.0
398;392;0.0
399;393;0.0
400;384;3.319580118222949
401;384;3.0626331147664265
402;384;3.293725003508396
403;384;3.6843389743091053
404;391;3.6777830658500847
405;374;3.6250424540864903
406;391;4.186014709823679
407;391;3.297303892045869
408;395;0.0
409;396;0.0
410;397;0.0
411;398;0.0
412;399;0.0
413;400;0.0
414;401;0.0
415;402;0.9256976620112658
416;403;0.0
417;404;0.0
418;405;0.0
419;406;0.0
420;407;0.0
421;408;0.0
422;409;0.0
423;410;0.0
424;411;0.0
425;412;0.0
426;413;0.0
427;236;2.0807356734591256
428;414;0.0
429;415;0.0
430;416;0.0
431;417;0.0
432;418;0.0
433;419;0.0
434;420;0.0
435;421;0.0
436;422;0.0
437;423;0.0
438;424;0.0
439;425;0.0
440;427;0.0
441;428;0.0
442;429;0.0
443;430;0.0
444;431;0.0
445;432;0.0
446;433;0.0
447;434;0.0
448;435;0.0
449;436;0.0
450;437;0.0
451;438;0.0
452;439;0.0
453;440;0.0
454;441;0.0
455;442;0.0
456;443;0.0
457;444;0.0
458;445;0.0
459;446;0.0
460;447;0.0
461;448;0.0
462;449;0.0
463;450;0.0
464;451;0.0
465;452;0.0
466;453;0.0
467;454;0.0
468;455;0.0
469;456;0.0
470;457;0.0
471;458;0.0
472;459;0.0
473;460;0.0
474;461;0.0
475;462;0.0
476;463;0.0
477;464;0.0
478;465;0.0
479;466;0.0
480;467;0.0
481;468;0.0
482;469;0.0
483;470;0.0
484;471;0.0
485;472;0.0
486;473;0.0
487;474;0.0
488;475;0.0
489;476;0.0
490;477;0.0
491;478;0.0
492;479;0.0
493;480;0.0
494;481;0.0
495;482;0.0
496;483;0.0
497;484;0.0
498;485;0.0
499;474;2.1224548772474194
500;486;0.0
501;487;0.0
502;488;0.0
503;489;0.0
504;490;0.0
505;491;0.0
506;492;0.0
507;493;0.0
508;494;0.0
509;495;0.0
510;496;0.0
511;497;0.9365964676064664
512;498;0.6586543889455535
513;500;1.7856622916081446
514;501;1.5409551917551534
515;499;0.6586543889455535
516;501;0.6586543889455535
517;496;1.4575751579516492
518;491;1.6760948559415825
519;496;1.732950010886802
520;496;1.4675152531460427
521;496;2.625551843413525
522;496;1.3935488417790052
523;502;0.0
524;503;0.0
525;504;0.0
526;505;0.0
527;506;0.0
528;507;0.0
529;508;0.0
530;509;0.0
531;510;0.0
532;511;0.0
533;512;0.0
534;513;1.2818523557815706
535;514;1.7412872427535984
536;515;0.8810954825746109
537;516;1.6249367760366222
538;517;0.0
539;518;0.0
540;519;0.0
541;520;0.0
542;521;0.0
543;522;0.0
544;523;0.0
545;524;0.0
546;526;0.0
547;527;0.0
548;528;0.0
549;529;0.0
550;530;0.0
551;531;0.0
552;532;0.0
553;533;0.0
554;534;0.0
555;535;0.0
556;536;0.0
557;537;0.0
558;538;0.0
559;539;0.0
560;540;0.0
561;541;0.0
562;542;0.0
563;543;0.0
564;544;0.0
565;545;0.0
566;546;0.0
567;547;0.0
568;548;0.0
569;552;2.848661401797019
570;552;3.2843068271462244
571;549;0.0
572;550;0.0
573;551;0.0
574;552;0.0
575;553;0.0
576;554;0.0
577;555;0.0
578;556;0.0
579;557;0.0
580;558;0.0
581;559;0.0
582;560;0.0
583;561;0.0
584;560;1.7342620955588823
585;562;0.0
586;563;0.0
587;564;0.0
588;565;0.0
589;566;0.0
590;567;0.0
591;568;0.0
592;569;0.0
593;570;0.0
594;571;0.0
595;572;0.0
596;573;0.0
597;574;0.0
598;575;0.0
599;576;0.0
600;581;0.0
601;582;0.0
602;583;0.0
603;584;0.0
604;585;0.0
605;586;0.0
606;587;0.0
607;588;0.0
608;589;0.0
609;590;0.0
610;591;0.0
611;592;0.0
612;593;0.0
613;594;0.0
614;595;0.0
615;596;4.091947387075865
616;597;4.091947387075865
617;598;0.0
618;599;0.0
619;600;0.0
620;601;0.0
621;602;0.0
622;603;0.0
623;604;0.0
624;605;0.0
625;603;1.666504750010253
626;610;1.5224569730589952
627;603;1.7184817358118125
628;603;1.806624440013011
629;610;1.3711457156174498
630;610;1.4603794985361014
631;603;1.9628489904998632
632;606;0.0
633;607;0.0
634;608;0.0
635;610;0.0
636;611;0.0
637;612;0.0
638;617;0.5030544524371809
639;618;0.457804630388553
640;618;0.8561044333750337
641;619;0.9905740538360273
642;617;0.6809890772835491
643;617;0.7128297640493992
644;613;0.0
645;614;0.0
646;615;0.0
647;616;0.0
648;622;0.0
649;623;0.0
650;625;1.607712855617661
651;626;1.4490696528608051
652;625;1.7701307989178676
653;626;1.509132788805603
654;625;1.522132555795242
655;626;1.5832937576998674
656;626;1.5955598489376366
657;626;1.488755270948199
658;624;0.0
659;625;0.0
660;626;0.0
661;627;0.0
662;628;0.0
663;629;0.0
664;630;0.0
665;631;0.0
666;632;0.0
667;633;0.0
668;634;0.0
669;635;0.0
670;636;0.0
671;637;0.0
672;638;0.0
673;639;0.0
674;640;0.0
675;641;0.0
676;642;0.0
677;643;0.0
678;644;0.0
679;645;0.0
680;646;0.0
681;647;0.0
682;626;2.807987194102365
683;627;2.8362374291712937
684;625;3.287953854482836
685;629;3.750334164585341
686;625;2.91864215652897
687;625;3.6228661030568725
688;628;2.8805815718832917
689;648;0.0
690;649;0.0
691;650;0.0
692;651;0.0
693;652;0.0
694;653;0.0
695;654;0.0
696;655;0.0
697;656;0.0
698;657;0.0
699;658;0.0
700;659;1.3647622035783091
701;663;1.6473569210626176
702;661;2.0163017961053877
703;663;1.7132317252375593
704;663;1.6400211640780704
705;665;0.0
706;666;0.0
707;663;1.9154335803759537
708;667;0.0
709;668;0.0
710;669;0.0
711;670;0.0
712;671;0.0
713;672;0.0
714;673;0.0
715;674;0.0
716;675;0.0
717;676;0.0
718;677;0.0
719;678;0.0
720;679;0.0
721;680;0.0
722;681;0.0
723;682;0.0
724;683;0.0
725;684;0.0
726;685;0.0
727;686;0.0
728;687;0.0
729;688;0.0
730;689;0.0
731;690;0.0
732;691;0.0
733;692;0.0
734;693;0.0
735;694;0.0
736;695;0.0
737;696;0.0
738;697;0.0
739;698;0.0
740;699;0.0
741;700;0.0
742;701;0.0
743;702;0.0
744;703;0.0
745;704;0.0
746;705;0.0
747;706;0.0
748;740;1.8056204248909895
749;740;2.2182398957337144
750;740;1.8623359555712165
751;707;0.0
752;708;0.0
753;709;0.0
754;710;0.0
755;711;0.0
756;712;0.0
757;713;0.0
758;714;0.0
759;715;0.0
760;716;0.0
761;717;0.0
762;718;0.0
763;719;0.0
764;720;0.0
765;721;0.0
766;722;0.0
767;723;0.0
768;724;0.0
769;725;0.0
770;726;0.0
771;727;0.0
772;728;0.0
773;729;0.0
774;730;0.0
775;731;0.0
776;732;0.0
777;733;0.0
778;734;1.487577693182462
779;735;1.487577693182462
780;736;1.487577693182462
781;737;1.487577693182462
782;738;1.487577693182462
783;741;0.0
784;742;0.0
785;743;0.0
786;744;0.0
787;745;0.0
788;746;0.0
789;747;0.0
790;742;2.2593616747939103
791;748;0.0
792;749;0.0
793;750;0.0
794;750;1.5168757637253452
795;751;0.0
796;752;0.0
797;753;0.0
798;754;0.0
799;755;0.0
800;756;0.0
801;757;0.0
802;758;0.0
803;759;0.0
804;760;0.0
805;761;0.0
806;762;0.0
807;763;0.0
808;764;0.0
809;765;0.0
810;766;0.0
811;767;0.0
812;768;0.0
813;769;0.0
814;770;0.0
815;771;0.0
816;772;0.0
817;773;0.0
818;774;0.0
819;775;0.0
820;776;0.0
821;777;0.0
822;778;0.0
823;779;0.0
824;780;0.0
825;781;0.0
826;782;0.0
827;783;0.0
828;784;0.0
829;785;0.0
830;786;0.0
831;787;0.0
832;783;0.9769790311611218
833;788;0.0
834;789;0.0
835;790;0.0
836;791;0.0
837;792;0.0
838;793;0.0
839;794;0.0
840;795;0.0
841;796;0.0
842;797;0.0
843;783;1.8874938938464774
844;784;2.225862711477834
845;783;2.6104796302837303
846;783;1.8325825430058604
847;783;2.1840370329321157
848;783;2.1445236248076784
849;798;0.0
850;799;0.0
851;800;0.0
852;801;0.0
853;802;0.0
854;803;0.0
855;804;0.0
856;805;0.0
857;806;0.0
858;807;0.0
859;815;0.9383622245349863
860;816;0.7676743483350943
861;817;0.6368950286301865
862;398;2.8166305073897773
863;813;0.7238209331587828
864;808;0.0
865;821;1.150957832988768
866;801;1.7190935115916324
867;822;0.5888348312823463
868;823;0.5888348312823463
869;824;1.2256855710102854
870;825;0.5888348312823463
871;826;0.5888348312823463
872;827;0.5888348312823463
873;828;0.5888348312823463
874;829;0.5888348312823463
875;830;0.5888348312823463
876;831;0.5888348312823463
877;577;1.6948677564067716
878;578;1.6948677564067716
879;579;1.6948677564067716
880;580;1.6948677564067716
881;832;0.5888348312823464
882;833;0.5888348312823464
883;834;0.5888348312823464
884;835;0.8762755415306974
885;836;0.9434385528265935
886;837;0.0
887;838;0.0
888;839;0.0
889;840;0.0
890;841;0.0
891;842;0.0
892;843;0.0
893;844;0.0
894;845;0.0
895;846;0.0
896;847;0.0
897;848;0.0
898;849;0.0
899;850;0.0
900;851;1.357637337032632
901;852;1.6281789523657952
902;853;1.6281789523657952
903;856;0.0
904;857;0.0
905;858;0.0
906;859;0.0
907;860;0.0
908;861;0.0
909;862;0.0
910;863;0.0
911;864;0.0
912;865;0.0
913;866;0.0
914;867;0.0
915;868;0.0
916;869;0.0
917;870;0.0
918;871;0.0
919;872;0.0
920;873;0.0
921;874;0.0
922;875;0.0
923;876;0.0
924;877;0.0
925;878;0.0
926;879;0.0
927;880;0.0
928;881;0.0
929;882;0.0
930;883;0.0
931;884;0.0
932;885;0.0
933;886;0.0
934;887;0.0
935;888;0.0
936;889;0.0
937;890;0.0
938;891;0.0
939;892;0.0
940;893;0.0
941;894;0.0
942;895;0.0
943;896;0.0
944;897;0.0
945;898;0.0
946;900;1.5275367903403767
947;900;1.6882337223986101
948;900;1.2864118488624339
949;900;1.4563657007376105
950;900;1.6272096697146212
951;900;1.5451884602694481
952;900;2.091316402723505
953;901;0.0
954;902;0.0
955;903;0.0
956;904;0.0
957;905;0.0
958;906;0.0
959;907;0.0
960;908;0.0
961;909;0.0
962;910;0.0
963;911;0.0
964;912;0.0
965;913;0.0
966;914;0.0
967;915;0.0
968;916;0.0
969;917;0.0
970;918;0.0
971;919;0.0
972;920;0.0
973;921;0.0
974;922;0.0
975;923;0.0
976;924;0.0
977;925;0.0
978;926;0.0
979;927;0.0
980;928;0.0
981;929;0.0
982;930;0.0
983;931;0.0
984;932;0.0
985;933;0.0
986;934;0.0
987;935;0.0
988;936;0.0
989;922;2.7562861126072997
990;938;0.0
991;940;0.9377417902282185
992;941;0.0
993;942;0.0
994;943;0.0
995;944;0.0
996;945;0.0
997;946;0.0
998;947;0.0
999;945;3.322794355133063
1000;944;2.148221444171093
1001;944;2.203928223411684
1002;944;2.19129478214939
1003;944;2.188158410811851
1004;922;2.2144497869432014
1005;922;2.255158529430869
1006;922;2.1840340087703334
1007;948;0.0
1008;949;0.0
1009;950;0.0
1010;951;0.0
1011;952;0.0
1012;953;0.0
1013;954;0.0
1014;955;0.0
1015;956;0.0
1016;957;0.0
1017;958;0.0
1018;959;0.0
1019;960;0.0
1020;961;0.0
1021;962;0.0
1022;963;0.0
1023;964;0.0
1024;965;0.0
1025;966;0.0
1026;967;0.0
1027;968;0.0
1028;969;0.0
1029;970;0.0
1030;971;0.0
1031;972;0.0
1032;973;0.0
1033;974;0.0
1034;975;0.0
1035;976;0.0
1036;977;0.0
1037;978;0.0
1038;979;0.0
1039;980;0.0
1040;981;0.0
1041;982;0.0
1042;983;0.0
1043;984;0.0
1044;985;0.0
1045;986;1.4900373487331797
1046;987;0.0
1047;988;1.1192888327793513
1048;989;0.0
1049;990;0.0
1050;991;0.0
1051;992;0.0
1052;993;0.0
1053;994;0.0
1054;995;0.0
1055;996;0.0
1056;997;0.0
1057;998;0.0
1058;999;0.0
1059;1000;0.0
1060;1001;0.0
1061;1002;0.0
1062;1003;0.0
1063;1004;0.0
1064;1005;0.0
1065;1006;0.0
1066;1007;0.0
1067;1008;0.0
1068;998;1.8546634738408039
1069;1009;0.0
1070;1010;0.0
1071;1011;0.0
1072;1012;0.0
1073;1013;0.0
1074;1014;0.0
1075;1015;0.0
1076;1016;0.0
1077;1017;0.0
1078;1018;0.0
1079;1019;0.0
1080;1020;0.0
1081;1021;0.0
1082;1022;0.0
1083;1023;0.0
1084;1024;0.0
1085;1025;0.0
1086;1026;0.0
1087;1027;0.0
1088;1028;0.0
1089;1029;0.0
1090;1030;0.0
1091;1031;0.0
1092;1032;0.0
1093;1033;0.0
1094;1034;0.0
1095;1036;0.0
1096;1037;0.0
1097;1038;0.0
1098;1039;0.0
1099;1040;0.0
1100;1041;0.0
1101;1042;0.0
1102;1043;0.0
1103;1044;0.0
1104;1045;0.0
1105;1046;0.0
1106;1047;0.0
1107;1048;0.0
1108;1049;0.0
1109;1050;0.0
1110;1051;0.0
1111;1052;0.0
1112;1053;0.0
1113;1054;0.0
1114;1055;0.0
1115;1056;0.0
1116;1057;0.0
1117;1058;0.0
1118;1059;0.0
1119;1060;0.0
1120;1061;0.0
1121;1062;0.0
1122;1063;0.0
1123;1064;0.0
1124;1065;0.0
1125;1066;0.0
1126;1067;0.0
1127;1068;0.0
1128;1069;0.0
1129;1070;0.0
1130;1071;0.0
1131;1072;0.0
1132;1073;0.0
1133;1074;0.0
1134;1075;0.0
1135;1076;0.0
1136;1077;0.0
1137;1078;0.0
1138;1079;0.0
1139;1080;0.0
1140;1081;0.0
1141;1082;0.0
1142;1083;0.0
1143;1084;0.0
1144;1085;0.0
1145;1086;0.0
1146;1087;0.0
1147;1088;0.0
1148;1089;0.0
1149;1090;0.0
1150;1091;0.0
1151;1092;0.0
1152;1093;0.0
1153;1094;0.0
1154;1095;0.0
1155;1096;0.0
1156;1097;0.0
1157;1098;0.0
1158;1099;0.0
1159;1100;0.0
1160;1101;0.0
1161;1102;0.0
1162;1103;0.0
1163;1104;0.0
1164;1105;0.0
1165;1106;0.0
1166;1107;0.0
1167;1108;0.0
1168;1109;0.0
1169;1110;0.0
1170;1111;0.0
1171;1112;0.0
1172;1113;0.0
1173;1114;0.0
1174;1115;0.0
1175;1116;0.0
1176;1117;0.0
1177;1118;0.0
1178;1119;0.0
1179;1120;0.0
1180;1121;0.0
1181;1122;0.0
1182;1123;0.0
1183;1124;0.0
1184;1125;0.0
1185;1126;0.0
1186;1127;0.0
1187;1128;0.0
1188;1129;0.0
1189;1130;0.0
1190;1131;1.3983107488935231
1191;1132;0.7070016296465714
1192;1133;0.0
1193;1132;1.5045385495263073
1194;1134;1.1950896539621763
1195;1131;1.2578245135731752
1196;1135;1.13079545090292
1197;1136;1.226691856368792
1198;1137;0.9497757165855535
1199;1138;0.692397612626733
1200;1139;1.2518605539433068
1201;1140;0.0
1202;1141;2.406543477944393
1203;1143;1.4578690962313452
1204;1142;1.3397169472631574
1205;1143;0.0
1206;1143;1.7051101600121557
1207;1144;1.7888362717624544
1208;1133;1.4805651015242205
1209;1132;2.027461829752876
1210;1133;1.969076596524818
1211;1131;1.800644576024643
1212;1151;1.5224976292652244
1213;1137;2.2500138678377524
1214;1152;0.0
1215;1153;0.0
1216;1154;0.0
1217;1155;0.0
1218;1156;0.0
1219;1157;0.0
1220;1158;0.0
1221;1159;0.0
1222;1160;0.0
1223;1161;0.0
1224;1162;0.0
1225;1163;0.0
1226;1164;0.0
1227;1165;0.0
1228;1166;0.0
1229;1167;0.0
1230;1168;0.0
1231;1169;0.0
1232;1170;0.0
1233;1171;0.0
1234;1172;0.0
1235;1173;0.0
1236;1174;0.0
1237;1175;0.0
1238;1176;0.0
1239;1177;0.0
1240;1178;0.0
1241;1179;0.0
1242;1180;0.0
1243;1181;0.0
1244;1182;0.0
1245;1183;0.0
1246;1184;0.0
1247;1185;0.0
1248;1186;0.0
1249;1187;0.0
1250;1188;0.0
1251;1189;0.0
1252;1190;0.0
1253;1191;0.0
1254;1192;0.0
1255;1193;0.0
1256;1194;0.0
1257;1195;0.0
1258;1195;0.0
1259;1197;0.0
1260;1198;0.0
1261;1199;0.0
1262;1200;0.0
1263;1201;0.0
1264;1202;0.0
1265;1203;0.0
1266;1204;0.0
1267;1205;0.0
1268;1206;0.0
1269;1207;0.0
1270;1208;0.0
1271;1209;0.0
1272;1210;0.0
1273;1211;0.0
1274;1212;0.0
1275;1213;0.0
1276;1214;0.0
1277;1215;0.0
1278;1216;0.0
1279;1217;0.0
1280;1218;0.0
1281;1219;0.0
1282;1220;0.0
1283;1221;0.0
1284;1222;0.0
1285;1223;0.0
1286;1224;0.0
1287;1225;0.0
1288;1226;0.0
1289;1227;0.0
1290;1228;0.0
1291;1229;0.0
1292;1230;0.0
1293;1231;0.0
1294;1232;0.0
1295;1233;0.0
1296;1234;0.0
1297;1235;0.0
1298;1236;0.0
1299;1237;0.0
1300;1238;0.0
1301;1239;0.0
1302;1240;0.0
1303;1241;0.0
1304;1242;0.0
1305;1243;0.0
1306;1244;0.0
1307;1245;0.0
1308;1246;0.0
1309;1247;0.0
1310;1248;0.0
1311;1249;0.0
1312;1250;0.0
1313;1251;0.0
1314;1252;0.0
1315;1253;0.0
1316;1254;0.0
1317;1255;0.0
1318;1256;0.0
1319;1257;0.0
1320;1258;0.0
1321;1259;0.0
1322;1260;0.0
1323;1261;0.0
1324;1262;0.0
1325;1263;0.0
1326;1264;0.0
1327;1265;0.0
1328;1266;0.0
1329;1267;0.0
1330;1268;0.0
1331;1269;0.0
1332;1270;0.0
1333;1271;0.0
1334;1272;0.0
1335;1273;0.0
1336;1274;0.0
1337;1275;0.0
1338;1276;0.0
1339;1277;0.0
1340;1278;0.0
1341;1279;0.0
1342;1280;0.0
1343;1281;0.0
1344;1282;0.0
1345;1283;0.0
1346;1284;0.0
1347;1285;0.0
1348;1286;0.0
1349;1287;0.0
1350;1288;0.0
1351;1289;0.0
1352;1290;0.0
1353;1291;0.0
1354;1292;0.0
1355;1293;0.0
1356;1294;0.0
1357;1295;0.0
1358;1296;0.0
1359;1297;0.0
1360;1298;0.0
1361;1299;0.0
1362;1300;0.0
1363;1301;0.0
1364;1302;0.0
1365;1303;0.0
1366;1304;0.0
1367;1305;0.0
1368;1306;0.0
1369;1307;0.0
1370;1308;0.0
1371;1309;0.0
1372;1310;0.0
1373;1311;0.0
1374;1296;2.0424284077077566
1375;1297;2.0610708119930474
1376;1296;1.6882519922927886
1377;1296;1.6448383366665076
1378;1312;0.0
1379;1313;0.0
1380;1314;0.0
1381;1315;0.0
1382;1316;0.0
1383;1317;0.0
1384;1318;0.0
1385;1319;0.0
1386;1320;0.0
1387;1321;0.0
1388;1322;0.0
1389;1323;0.0
1390;1324;0.0
1391;1325;0.0
1392;1326;0.0
1393;1327;0.0
1394;1328;0.0
1395;1410;2.8027281650598304
1396;1411;2.8027281650598304
1397;1329;0.0
1398;1330;0.0
1399;1331;0.0
1400;1332;0.0
1401;1333;0.0
1402;1334;0.0
1403;1335;0.0
1404;1336;0.0
1405;1337;0.0
1406;1337;1.3141305921380213
1407;1339;0.0
1408;1340;0.0
1409;1341;0.0
1410;1342;0.0
1411;1343;0.0
1412;1344;0.0
1413;1345;0.0
1414;1346;0.0
1415;1347;0.4545968792422593
1416;1348;0.0
1417;1349;0.0
1418;1350;0.0
1419;1351;0.0
1420;1352;0.0
1421;1353;0.0
1422;1354;0.0
1423;1355;0.0
1424;1356;0.0
1425;1357;0.0
1426;1358;0.0
1427;1359;0.0
1428;1360;0.0
1429;1369;1.2221630744086387
1430;1361;0.0
1431;1362;0.0
1432;1363;0.0
1433;1363;1.1417344610730533
1434;1364;0.0
1435;1365;0.0
1436;1366;0.0
1437;1367;0.0
1438;1368;0.0
1439;1369;0.0
1440;1370;0.0
1441;1367;1.7223430456003825
1442;1371;0.0
1443;1372;0.0
1444;1373;0.0
1445;1374;0.789408280996507
1446;1374;0.0
1447;1376;1.7737972110130662
1448;1376;0.0
1449;1375;1.8362690232083734
1450;1413;2.1865858804756177
1451;1414;2.1865858804756177
1452;1415;2.1865858804756177
1453;1377;0.0
1454;1378;0.0
1455;1379;0.0
1456;1380;0.0
1457;1381;0.0
1458;1416;1.7598658875904616
1459;1417;1.7598658875904616
1460;1381;1.602768449548441
1461;1419;1.7598658875904616
1462;1420;1.7598658875904616
1463;1382;0.0
1464;1383;0.0
1465;1384;0.0
1466;1385;0.0
1467;1386;0.0
1468;1387;1.5180152616016944
1469;1388;0.0
1470;1389;0.0
1471;1388;1.4632958041328328
1472;1390;0.0
1473;1391;0.0
1474;1392;0.0
1475;1393;0.0
1476;1394;0.0
1477;1395;1.2104089066361936
1478;1396;0.0
1479;1397;0.0
1480;1398;0.0
1481;1399;0.0
1482;1400;0.0
1483;1401;0.0
1484;1402;0.0
1485;1403;0.6747036663616969
1486;1404;0.0
1487;1405;0.0
1488;1449;0.0
1489;1450;0.0
1490;1451;0.0
1491;1452;0.0
1492;1453;0.0
1493;1454;0.0
1494;1455;0.0
1495;1456;0.0
1496;1457;0.0
1497;1458;0.0
1498;1459;0.0
1499;1460;0.0
1500;1461;0.0
1501;1462;0.0
1502;1463;0.0
1503;1464;0.0
1504;1465;0.0
1505;1466;0.0
1506;1467;0.0
1507;1468;0.0
1508;1469;0.0
1509;1470;0.0
1510;1471;0.0
1511;1472;0.0
1512;1473;0.0
1513;1474;0.0
1514;1475;0.0
1515;1476;0.0
1516;1477;0.0
1517;1478;0.0
1518;1479;0.0
1519;1480;0.0
1520;1477;1.6848789769810504
1521;1477;1.5958423017103722
1522;1481;0.0
1523;1482;0.0
1524;1483;0.0
1525;1484;0.0
1526;1485;0.0
1527;1486;0.0
1528;1487;0.0
1529;1488;0.0
1530;1489;0.0
1531;1477;4.584654043522803
1532;1477;4.521110243313559
1533;1480;4.510755800563812
1534;1490;0.0
1535;1491;0.0
1536;1492;0.0
1537;1493;0.0
1538;1494;0.0
1539;1495;0.0
1540;1496;0.0
1541;1497;0.0
1542;1498;0.0
1543;1499;0.0
1544;1500;0.0
1545;1501;0.0
1546;1502;0.0
1547;1503;0.0
1548;1504;0.0
1549;1505;0.0
1550;1506;0.0
1551;1507;0.0
1552;1508;0.0
1553;1509;0.0
1554;1510;0.0
1555;1511;0.0
1556;1512;0.0
1557;1513;0.0
1558;1514;0.0
1559;1515;0.0
1560;1516;0.0
1561;1517;0.0
1562;1521;0.0
1563;1522;0.0
1564;1523;0.0
1565;1524;0.0
1566;1525;0.0
1567;1526;0.0
1568;1527;0.0
1569;1528;0.0
1570;1529;0.0
1571;1530;0.0
1572;1531;0.0
1573;1532;0.0
1574;1533;0.0
1575;1534;0.0
1576;1535;0.0
1577;1536;0.0
1578;1537;0.0
1579;1538;0.0
1580;1539;0.0
1581;1540;0.0
1582;1541;0.0
1583;1542;0.0
1584;1543;0.0
1585;1544;0.0
1586;1545;0.0
1587;1546;0.0
1588;1547;0.0
1589;1548;0.0
1590;1549;0.0
1591;1550;0.0
1592;1551;0.0
1593;1552;0.0
1594;1553;0.0
1595;1554;0.0
1596;1555;0.0
1597;1556;0.0
1598;1557;0.0
1599;1558;0.0
1600;1559;0.0
1601;1560;0.0
1602;1561;0.0
1603;1562;0.0
1604;1563;0.0
1605;1564;0.0
1606;1565;0.0
1607;1566;0.0
1608;1567;0.0
1609;1568;0.0
1610;1569;0.0
1611;1570;0.0
1612;1571;0.0
1613;1572;0.0
1614;1573;0.0
1615;1574;0.0
1616;1575;0.0
1617;1576;0.0
1618;1577;0.0
1619;1578;0.0
1620;1579;0.0
1621;1580;0.0
1622;1581;0.0
1623;1582;0.0
1624;1583;0.0
1625;1584;0.0
1626;1585;0.0
1627;1586;0.0
1628;1587;0.0
1629;1588;0.0
1630;1589;0.0
1631;1590;0.0
1632;1591;0.0
1633;1592;0.0
1634;1593;0.0
1635;1594;0.0
1636;1595;0.0
1637;1596;0.0
1638;1597;0.0
1639;1598;0.0
1640;1599;0.0
1641;1600;0.0
1642;1601;0.0
1643;1602;0.0
1644;1603;0.0
1645;1604;0.0
1646;1605;0.0
1647;1606;0.0
1648;1607;0.0
1649;1608;0.0
1650;1609;0.0
1651;1610;0.0
1652;1611;0.0
1653;1612;0.0
1654;1613;0.0
1655;1614;0.0
1656;1615;0.0
1657;1616;0.0
1658;1617;0.0
1659;1618;0.0
1660;1619;0.0
1661;1620;0.0
1662;1621;0.0
1663;1622;1.5694099659715528
1664;1623;0.0
1665;1624;0.0
1666;1625;0.0
1667;1626;0.0
1668;1627;0.0
1669;1628;0.0
1670;1629;0.0
1671;1630;0.0
1672;1631;0.0
1673;1632;0.0
1674;1633;0.0
1675;1634;0.0
1676;1635;0.0
1677;1636;0.0
1678;1244;3.941405138735959
1679;1244;3.298534305604828
1680;1637;1.165748304588944
1681;1638;1.0329163576299822
1682;1639;1.0329163576299822
1683;1645;0.6586543889455535
1684;1646;0.6586543889455535
1685;1649;2.5208398219400805
1686;1647;3.0629099961577824
1687;1652;1.2818523557815709
1688;1653;1.2818523557815709
1689;1654;1.2818523557815709
1690;1655;2.056542280628421
1691;1658;2.293661351654274
1692;1656;1.856439250534153
1693;1657;1.7412872427535981
1694;1658;1.7412872427535981
1695;1659;1.837998461791283
1696;1660;1.6249367760366218
1697;1661;1.7011158442816556
1698;1662;1.827165276520169
1699;1663;1.716708811209197
1700;1664;0.5909031199401003
1701;1665;0.8914623456446447
1702;1666;0.0
1703;1667;1.2173153316360152
1704;1668;0.0
1705;1669;0.0
1706;1670;0.0
1707;1671;0.0
1708;1672;0.0
1709;1673;0.0
1710;1674;0.0
1711;1675;0.3819031414890041
1712;1676;0.0
1713;1677;0.0
1714;1678;1.0867974712210713
1715;1679;1.20344215618267
1716;1680;1.0845780580819386
1717;1681;0.0
1718;1682;1.3885257120472165
1719;1684;1.323731904246504
1720;1682;1.2629382866306114
1721;1682;2.119543994988785
1722;1682;1.4117469293119136
1723;1682;1.2110054943153572
1724;1682;1.1673421693013333
1725;1682;1.6545170801461424
1726;1684;0.7314880908802228
1727;1684;0.9623614486441415
1728;1684;0.6236186609823449
1729;1684;0.7956551912660704
1730;522;2.4389053283898825
1731;1724;3.325069106081518
1732;522;2.2381083459731594
1733;1682;2.937288432273756
1734;1682;2.759864853138987
1735;1724;3.6878475112570763
1736;1685;0.0
1737;1686;0.0
1738;1687;0.0
1739;1688;0.0
1740;1689;0.0
1741;1690;0.0
1742;1691;0.0
1743;1692;0.0
1744;1693;0.0
1745;1694;0.0
1746;1695;0.0
1747;1696;0.0
1748;1697;0.0
1749;1698;0.0
1750;1699;0.0
1751;1700;0.0
1752;1701;0.0
1753;1702;0.0
1754;1703;0.0
1755;1704;0.0
1756;1705;0.0
1757;1706;0.0
1758;1707;0.0
1759;1708;0.0
1760;1709;0.0
1761;1710;0.0
1762;1711;0.0
1763;1712;0.0
1764;1713;0.0
1765;1714;0.0
1766;1715;0.0
1767;1716;0.0
1768;1717;0.0
1769;1718;0.0
1770;1719;0.0
1771;1720;0.0
1772;1721;0.0
1773;1722;0.0
1774;1723;0.0
1775;1724;0.0
1776;1725;0.0
1777;1726;0.0
1778;1727;0.0
1779;1728;0.0
1780;1729;0.0
1781;1730;0.0
1782;1731;0.0
1783;1732;0.0
1784;1733;0.0
1785;1734;0.0
1786;1735;0.0
1787;1736;0.0
1788;1737;0.0
1789;1738;0.0
1790;1739;0.0
1791;1740;0.0
1792;1741;0.0
1793;1742;0.0
1794;1743;0.0
1795;1744;0.0
1796;1745;0.0
1797;1746;0.0
1798;1747;0.0
1799;1748;0.0
1800;1749;0.0
1801;1750;0.0
1802;1751;0.0
1803;1752;0.0
1804;1753;0.0
1805;1754;0.0
1806;1755;0.0
1807;1756;0.0
1808;1757;0.0
1809;1758;0.0
1810;1759;0.0
1811;1760;0.0
1812;1761;0.0
1813;1762;0.0
1814;1763;0.0
1815;1764;0.0
1816;1765;0.0
1817;1766;0.0
1818;1767;0.0
1819;1768;0.0
1820;1769;0.0
1821;1770;0.0
1822;1771;0.0
1823;1772;0.0
1824;1773;0.0
1825;1774;0.0
1826;1775;0.0
1827;1776;0.0
1828;1777;0.0
1829;1778;0.0
1830;1779;0.0
1831;1780;0.0
1832;1781;0.0
1833;1782;0.0
1834;1783;0.0
1835;1784;0.0
1836;1785;0.0
1837;1786;0.0
1838;1787;0.0
1839;1788;0.0
1840;1789;0.0
1841;1790;0.0
1842;1791;0.0
1843;1792;0.0
1844;1793;0.0
1845;1794;0.0
1846;1795;0.0
1847;1796;0.0
1848;1797;0.0
1849;1798;0.0
1850;1799;0.0
1851;1800;0.0
1852;1801;0.0
1853;1802;0.0
1854;1803;0.0
1855;1804;0.0
1856;1805;0.0
1857;1806;0.0
1858;1807;0.0
1859;1808;0.0
1860;1809;0.0
1861;1810;0.0
1862;1811;0.0
1863;1812;0.0
1864;1813;0.0
1865;1814;0.0
1866;1815;0.0
1867;1816;0.0
1868;1817;0.0
1869;1818;0.0
1870;1819;0.0
1871;1820;0.0
1872;1821;0.0
1873;1822;0.0
1874;1823;0.0
1875;1824;0.0
1876;1825;0.0
1877;1826;0.0
1878;1827;0.4387702938660403
1879;1828;0.45304017626505955
1880;1829;0.4569004689467534
1881;1830;0.0
1882;1831;0.0
1883;1832;0.0
1884;1833;0.0
1885;1834;0.6548055895126775
1886;1837;1.79990343332173
1887;1837;1.5683675628293867
1888;1837;1.6262064006033405
1889;1837;1.4533748067263403
1890;1837;1.834243103132137
1891;1833;1.6413006099545515
1892;1837;2.924259589145129
1893;1837;2.0985016210582637
1894;1833;2.9604719337493965
1895;1833;2.3769545688523577
1896;1837;2.574636645122245
1897;1837;1.9435704537202094
1898;1836;1.3537216539053916
1899;1840;1.2744091159608504
1900;1840;1.2927609955961694
1901;1839;1.5071789558971949
1902;1841;1.389054556419572
1903;1841;2.231094890689644
1904;1841;2.313277951956535
1905;1839;1.4063246008294619
1906;1839;1.3683034229365696
1907;1841;1.7339900101342889
1908;1841;1.5357754980201248
1909;1841;1.7841168617555707
1910;1839;2.5853655559045734
1911;1841;2.2156292437252434
1912;1841;2.4003089404786238
1913;1841;1.9363180019369333
1914;1839;1.7978729196015244
1915;1841;1.549221266822443
1916;1841;3.3440748375492335
1917;1841;2.616587214109871
1918;1840;1.5571312316358115
1919;1841;1.4905399090345561
1920;1841;2.400083403816145
1921;1841;1.9719396458964538
1922;1841;2.433713402751951
1923;1841;1.9435784853175848
1924;1839;1.5404711011467427
1925;1839;1.4930280417379196
1926;1841;2.488040340384954
1927;1838;0.6548055895126775
1928;1842;0.0
1929;1843;0.0
1930;1844;0.0
1931;1872;0.0
1932;1873;0.0
1933;1874;0.0
1934;1875;0.0
1935;1876;0.0
1936;1877;0.0
1937;1878;0.0
1938;1879;0.0
1939;1880;0.0
1940;1881;0.0
1941;1882;0.0
1942;1883;0.0
1943;1884;0.0
1944;1885;0.0
1945;1886;0.0
1946;1887;0.0
1947;1888;0.0
1948;1889;0.0
1949;1890;0.0
1950;1891;0.0
1951;1892;0.0
1952;1893;0.0
1953;1894;0.0
1954;1894;0.7631140564826453
1955;1896;0.0
1956;1897;0.0
1957;1898;0.0
1958;1899;0.0
1959;1900;0.0
1960;1901;0.18279675479759389
1961;1902;0.0
1962;1903;0.0
1963;1904;0.0
1964;1905;0.0
1965;1906;0.0
1966;1907;0.0
1967;1908;0.0
1968;1909;0.0
1969;1910;0.0
1970;1911;0.0
1971;1912;0.0
1972;1913;0.0
1973;1914;0.0
1974;1915;0.0
1975;1916;0.0
1976;1917;0.0
1977;1925;2.0821000280816837
1978;1923;1.5157173743721761
1979;1923;1.9059849526115358
1980;1919;0.0
1981;1920;1.2767654538932873
1982;1920;1.0228119851221003
1983;1920;1.2066854287102802
1984;1921;1.4316783856691753
1985;1923;1.4467006754269547
1986;1921;1.3795656045650109
1987;1922;2.215994294456145
1988;1922;1.8263149013380966
1989;1923;1.19839189848993
1990;1923;0.9163489093548536
1991;1923;1.0641796134776478
1992;1923;1.1261531116876122
1993;1920;0.9312956487737476
1994;1924;0.980313217147373
1995;1924;1.144948937782769
1996;1924;1.0464266103292525
1997;1925;0.9411106617688484
1998;1925;0.5676042053138072
1999;1925;1.0365710752581465
2000;1925;0.9355778573058624
2001;1920;1.7598497069065913
2002;1920;1.9221854602987967
2003;1923;1.0513015184140477
2004;1920;1.083560668234232
2005;1925;0.8397658016901283
2006;1926;0.0
2007;1927;0.0
2008;1926;2.6355146064751054
2009;1926;2.2454233480555734
2010;1926;2.8693444518298827
2011;1926;2.499699850484392
2012;1926;2.8835921744800146
2013;621;3.1471242930200316
2014;1926;2.6046025087207245
2015;1926;2.2680818860629337
2016;619;2.8018789121949843
2017;617;2.3907214686022398
2018;619;2.52864261178116
2019;1926;2.7797515512513957
2020;619;2.9806595888163767
2021;1926;2.7909030349878288
2022;1962;2.987338615509601
2023;621;3.2293785810173197
2024;1926;2.535769911952419
2025;619;2.709425239812293
2026;617;3.3731485610568703
2027;621;2.958233360885754
2028;1926;2.5287030535779467
2029;1926;2.912141638681948
2030;1926;2.2897342918622985
2031;1926;3.09626019344947
2032;1926;3.297579040423906
2033;1926;2.748589432796329
2034;1926;2.377126972025079
2035;1926;2.432074234790573
2036;618;3.0870022739231637
2037;1926;2.6867537094304628
2038;1926;2.9164783279567943
2039;1926;3.49678600114873
2040;1926;2.6298762363813464
2041;1926;2.4347162610460855
2042;1926;2.3053490551731697
2043;1926;2.572002831786891
2044;1926;2.1705269723662175
2045;1926;2.2305693847473758
2046;618;2.915445984258684
2047;1962;2.6367869580321543
2048;617;3.3915085045405258
2049;1928;0.0
2050;1929;0.0
2051;1930;0.0
2052;1931;0.0
2053;1935;2.273310536957845
2054;1935;2.091045960401604
2055;1935;2.1061855295339393
2056;1935;2.1451186929368586
2057;1935;2.0226579432867156
2058;1935;2.505606913022699
2059;1935;2.1263391557306788
2060;1935;1.9302462579323267
2061;1935;1.9466368157846108
2062;1935;1.9886959582945372
2063;1935;1.85594249999582
2064;1935;2.373066246512522
2065;1935;2.334691029906334
2066;1935;2.157617810501526
2067;1935;2.17229346371518
2068;1935;2.2100623553349505
2069;1935;2.091407794578184
2070;1935;2.561426830941823
2071;1935;2.102557483885839
2072;1935;1.9206313181917405
2073;1935;1.9632476620100485
2074;1935;2.1330032240272967
2075;1935;1.937584879374098
2076;1935;1.9539138776019367
2077;1935;1.9958196719780106
2078;1935;1.8635737473489267
2079;1935;2.3790392932556657
2080;1935;2.274954107924674
2081;1935;2.0928326746855923
2082;1935;2.1079594115015468
2083;1935;2.146860405919985
2084;1935;2.024505013888736
2085;1935;2.5070982027648863
2086;1935;2.329801365899486
2087;1935;2.1523259083176534
2088;1937;2.1590276890179516
2089;1937;2.1571463387799024
2090;1937;2.025814941047076
2091;1935;2.5569707878055006
2092;1935;2.2246323426870545
2093;1935;2.038019006583989
2094;1935;2.0535495483440105
2095;1935;2.093461838551843
2096;1935;1.9677889668931916
2097;1935;2.4615268158752337
2098;1932;0.0
2099;1933;0.0
2100;1934;0.0
2101;1935;0.0
2102;1936;0.0
2103;1937;0.0
2104;1938;0.0
2105;1939;0.0
2106;1940;0.0
2107;1947;1.375432116995093
2108;1941;0.0
2109;1942;0.0
2110;1943;0.0
2111;1944;0.0
2112;1945;0.0
2113;1946;0.0
2114;1947;0.0
2115;1948;0.0
2116;1949;0.0
2117;1950;0.0
2118;1951;0.0
2119;1952;0.0
2120;1953;0.0
2121;1954;0.0
2122;1955;0.0
2123;1956;0.0
2124;1957;0.0
2125;1958;0.0
2126;1959;0.0
2127;1960;0.0
2128;1961;0.0
2129;1962;0.0
2130;1963;0.0
2131;1964;0.0
2132;1965;0.0
2133;1966;0.0
2134;1967;0.0
2135;1968;0.0
2136;1969;0.0
2137;1970;0.0
2138;1971;0.0
2139;1972;0.0
2140;1973;0.0
2141;1974;0.0
2142;1975;0.0
2143;1976;0.0
2144;1977;0.0
2145;1978;0.0
2146;1979;0.0
2147;1980;0.0
2148;1981;0.0
2149;1982;0.0
2150;1983;0.0
2151;1984;0.0
2152;1985;0.0
2153;1986;0.0
2154;1987;0.0
2155;1988;0.0
2156;1989;0.0
2157;1990;0.0
2158;1991;0.0
2159;1992;0.0
2160;1993;0.0
2161;1994;0.0
2162;1995;0.0
2163;1996;0.0
2164;1997;0.0
2165;1998;0.0
2166;1999;0.0
2167;2000;0.0
2168;2001;0.0
2169;2002;0.0
2170;2003;0.0
2171;2004;0.0
2172;2005;0.0
2173;2006;1.3647622035783091
2174;2007;1.3647622035783091
2175;2008;1.3647622035783091
2176;2009;1.3647622035783091
2177;2010;1.3647622035783091
2178;2011;1.3647622035783091
2179;2012;1.0857789728018443
2180;2013;1.0857789728018443
2181;2014;1.0857789728018443
2182;2015;1.0857789728018443
2183;2016;1.0857789728018443
2184;2017;1.7908830936151434
2185;2018;1.520575217902798
2186;2018;1.9244846407092349
2187;2018;1.9003970800123269
2188;2019;1.4896511040168658
2189;2020;1.378941787886139
2190;2021;1.378941787886139
2191;2027;1.4366377295255348
2192;2027;0.0
2193;2031;3.060186507033808
2194;2029;2.368513697970988
2195;2028;0.0
2196;2029;0.0
2197;2030;0.0
2198;2031;0.0
2199;2032;0.0
2200;2033;0.0
2201;2034;0.0
2202;2035;0.0
2203;2036;0.0
2204;2037;0.0
2205;2022;1.7270059959597932
2206;2023;1.7270059959597932
2207;2024;1.7270059959597932
2208;2025;1.7270059959597932
2209;2026;1.7270059959597932
2210;2022;2.1119968840445678
2211;2038;0.0
2212;2040;0.8860809836129719
2213;2040;0.0
2214;2041;0.8970202092176294
2215;2040;0.8898937071686993
2216;2044;0.0
2217;2045;0.0
2218;2046;0.0
2219;2047;0.0
2220;2048;0.0
2221;2049;0.0
2222;2050;0.0
2223;2051;0.0
2224;2052;0.0
2225;2053;0.0
2226;2055;0.0
2227;2056;0.0
2228;2057;0.0
2229;2058;0.0
2230;2059;0.0
2231;2060;0.0
2232;2061;0.0
2233;2062;0.0
2234;2063;0.0
2235;2064;0.0
2236;2065;0.0
2237;2066;0.0
2238;2067;0.0
2239;2068;0.0
2240;2069;0.0
2241;2070;0.0
2242;2071;0.0
2243;2072;0.0
2244;2073;0.0
2245;2074;0.0
2246;2075;0.0
2247;2076;0.0
2248;2077;0.0
2249;2078;0.0
2250;2079;0.0
2251;2080;0.0
2252;2081;0.0
2253;2082;0.0
2254;2083;0.0
2255;2084;0.0
2256;2085;0.0
2257;2086;0.0
2258;2087;0.0
2259;2088;0.0
2260;2088;1.3671715392580743
2261;2090;0.0
2262;2091;0.0
2263;2092;0.0
2264;2093;0.0
2265;2094;0.0
2266;2095;0.0
2267;2096;0.0
2268;2097;0.0
2269;2098;0.0
2270;2099;0.0
2271;2100;0.0
2272;2101;0.0
2273;2102;0.0
2274;2103;0.0
2275;2104;0.0
2276;2105;0.0
2277;2106;0.0
2278;2107;0.0
2279;2108;0.0
2280;2109;0.0
2281;2110;0.0
2282;2111;0.0
2283;2112;0.0
2284;2113;0.0
2285;2114;0.0
2286;2115;0.0
2287;2116;0.0
2288;2117;0.0
2289;2118;0.0
2290;2119;0.0
2291;2120;0.0
2292;2121;0.0
2293;2122;0.0
2294;2123;0.0
2295;2124;0.0
2296;2125;0.0
2297;2126;0.0
2298;2127;0.0
2299;2128;0.0
2300;2129;0.0
2301;2130;0.0
2302;2178;2.7631752132274388
2303;2182;2.4095076349418836
2304;2182;2.5030412003093034
2305;2182;2.3851281287017296
2306;2182;2.6832951037183266
2307;2182;2.5497657558248337
2308;2182;2.414273007315207
2309;2182;2.2891452515764117
2310;2182;2.401344172172666
2311;2182;2.654015300713314
2312;2177;3.3504973841354677
2313;2181;2.979625996781402
2314;2182;2.195715453323686
2315;2182;2.2936538965294173
2316;2182;2.4864454154637565
2317;2182;2.468237645229736
2318;2182;3.4795428051777058
2319;2182;2.239248675192499
2320;2182;2.5739792489194033
2321;2182;2.6966820018597946
2322;2182;2.4384462255242036
2323;2182;2.4458739089040202
2324;2182;2.7801428369920926
2325;2182;2.557738260643554
2326;2182;2.4812073151557237
2327;2182;2.3486938216903783
2328;2182;2.473255915837214
2329;2182;2.6511424799652725
2330;2131;0.0
2331;2132;0.0
2332;2133;0.0
2333;2134;0.0
2334;2135;0.0
2335;2136;0.0
2336;2137;0.0
2337;2138;0.0
2338;2139;0.0
2339;2140;0.0
2340;2141;0.0
2341;2142;0.0
2342;2143;0.0
2343;2144;0.0
2344;2145;0.0
2345;2146;0.0
2346;2147;0.0
2347;2148;0.0
2348;2149;0.0
2349;2150;0.0
2350;2151;0.0
2351;2152;0.0
2352;2153;0.0
2353;2154;0.0
2354;2155;0.0
2355;2156;0.0
2356;2157;0.0
2357;2158;0.0
2358;2159;0.0
2359;2160;0.0
2360;2161;0.0
2361;2162;0.0
2362;2163;0.0
2363;2164;1.487577693182462
2364;2165;1.487577693182462
2365;2166;1.907753410102022
2366;2167;1.487577693182462
2367;2168;1.487577693182462
2368;2169;1.4875776931824622
2369;2170;1.4875776931824622
2370;2171;1.487577693182462
2371;2172;1.487577693182462
2372;2184;0.0
2373;2185;0.0
2374;2186;0.0
2375;2189;1.1849458548785259
2376;2187;0.0
2377;2188;0.0
2378;2189;1.8089554372929815
2379;2189;0.0
2380;2190;0.0
2381;2189;1.1669101884798196
2382;2191;0.0
2383;2192;0.0
2384;2193;0.0
2385;746;2.4632698745857207
2386;746;2.4809193436256614
2387;746;2.303777268873613
2388;746;2.567817496072336
2389;746;2.566854356775036
2390;746;2.5881660937906137
2391;746;2.291075114831849
2392;746;2.38143221605212
2393;746;2.7469462730797405
2394;747;2.699245215324448
2395;746;2.9391143438925647
2396;746;3.7123962416122325
2397;2194;0.0
2398;2195;0.0
2399;2196;0.0
2400;2197;0.0
2401;2198;0.0
2402;2199;0.0
2403;2200;0.0
2404;2201;0.0
2405;2202;0.0
2406;2203;0.0
2407;2204;0.0
2408;2205;0.0
2409;2206;0.0
2410;2207;0.0
2411;2208;0.0
2412;2209;0.0
2413;2209;1.903000868357904
2414;2209;2.1420147990606417
2415;2210;0.0
2416;2211;0.0
2417;2212;0.0
2418;2213;0.0
2419;2214;0.0
2420;2215;0.0
2421;2216;0.0
2422;2217;0.0
2423;2218;0.0
2424;2219;0.0
2425;2220;0.0
2426;2221;0.0
2427;2222;0.0
2428;2223;0.0
2429;2224;0.0
2430;2225;0.0
2431;2226;0.0
2432;2227;0.0
2433;2228;0.0
2434;2229;0.0
2435;2230;0.0
2436;2231;0.0
2437;2232;0.0
2438;2233;0.0
2439;2234;0.0
2440;2235;0.0
2441;2236;0.0
2442;2237;0.0
2443;2238;0.0
2444;2239;0.0
2445;2240;0.0
2446;2241;0.0
2447;2242;0.0
2448;2243;0.0
2449;2244;0.0
2450;2245;0.0
2451;2246;0.0
2452;2247;0.0
2453;2248;0.0
2454;2249;0.0
2455;2250;0.0
2456;2251;0.0
2457;2252;0.0
2458;2253;0.0
2459;2254;0.0
2460;2255;0.0
2461;2256;0.0
2462;2257;0.0
2463;2258;0.0
2464;2259;0.0
2465;2260;0.0
2466;2261;0.0
2467;2262;0.0
2468;2263;0.0
2469;2264;0.0
2470;2265;0.0
2471;2266;0.0
2472;2267;0.0
2473;2268;0.0
2474;2269;0.0
2475;2270;0.0
2476;2271;0.0
2477;2272;0.0
2478;2273;0.0
2479;2274;0.0
2480;2275;0.0
2481;2276;0.0
2482;2277;0.0
2483;2278;0.0
2484;2279;0.0
2485;2280;0.0
2486;2281;0.0
2487;2282;0.0
2488;2283;0.0
2489;2284;0.0
2490;2285;0.0
2491;2286;0.0
2492;2287;0.0
2493;2288;0.0
2494;2289;0.0
2495;2290;0.0
2496;2291;0.0
2497;2292;0.0
2498;2293;0.0
2499;2294;0.0
2500;2295;0.0
2501;2296;0.0
2502;2297;0.0
2503;2298;0.0
2504;2299;0.0
2505;2300;0.0
2506;2301;0.0
2507;2302;0.0
2508;2303;0.0
2509;2304;0.0
2510;2305;0.0
2511;2306;0.0
2512;2307;0.0
2513;2308;1.2447377413833616
2514;2311;2.136715787350624
2515;2309;1.5363987792782057
2516;2312;1.7449975904086397
2517;2312;1.2023003308510318
2518;2312;1.209311971130357
2519;2312;1.1884304332555575
2520;2312;1.2150184677354747
2521;2311;0.0
2522;2314;0.0
2523;2315;0.0
2524;2316;0.0
2525;2317;0.0
2526;2318;0.0
2527;2319;0.0
2528;2320;0.0
2529;2321;0.0
2530;2322;0.0
2531;2323;0.0
2532;2324;0.0
2533;2325;0.0
2534;2326;0.0
2535;2327;0.0
2536;2328;0.0
2537;2329;0.0
2538;2330;0.0
2539;2331;0.0
2540;2332;0.0
2541;2333;0.0
2542;2334;0.0
2543;2335;0.0
2544;2336;0.0
2545;2337;0.0
2546;2338;0.0
2547;2339;0.0
2548;2340;0.0
2549;2341;0.0
2550;2342;0.0
2551;2343;0.0
2552;2344;0.0
2553;2345;0.0
2554;2346;0.0
2555;2347;0.0
2556;2348;0.0
2557;2349;0.0
2558;2320;1.6819186653253477
2559;2320;1.5765526112525694
2560;2352;1.7750402022165832
2561;2350;0.0
2562;2351;0.0
2563;2352;0.0
2564;2353;0.0
2565;2354;0.0
2566;2355;0.0
2567;2356;0.0
2568;2357;0.0
2569;2358;0.0
2570;2359;0.0
2571;2360;0.0
2572;2361;0.0
2573;2362;0.0
2574;2363;0.0
2575;2364;0.0
2576;2365;0.0
2577;2366;0.0
2578;2367;0.0
2579;2368;0.0
2580;2369;0.0
2581;2370;0.0
2582;2371;0.0
2583;2372;0.0
2584;2373;0.0
2585;2373;0.5278893988441549
2586;2375;0.0
2587;2377;1.020966757489146
2588;2377;0.0
2589;2378;2.542670153750086
2590;1497;3.2588311601108657
2591;2384;0.7238209331587827
2592;2385;0.7238209331587827
2593;2386;0.7238209331587827
2594;2379;0.0
2595;2380;0.0
2596;2381;0.0
2597;2382;0.0
2598;2383;0.0
2599;2387;0.5888348312823464
2600;2388;0.5888348312823464
2601;2390;0.5888348312823463
2602;2391;0.5888348312823463
2603;2392;0.5888348312823463
2604;2393;0.5888348312823463
2605;2394;0.5888348312823463
2606;2395;0.5888348312823463
2607;2396;0.5888348312823463
2608;2397;0.5888348312823463
2609;2398;0.5888348312823463
2610;2399;0.5888348312823463
2611;2400;0.5888348312823463
2612;2401;0.5888348312823463
2613;2402;0.5888348312823463
2614;2402;1.2755939478890552
2615;2403;0.5888348312823463
2616;2404;0.5888348312823463
2617;2406;0.5888348312823463
2618;2407;0.5888348312823463
2619;2408;0.5888348312823463
2620;2409;0.5888348312823463
2621;2410;0.5888348312823463
2622;2411;0.5888348312823463
2623;2412;0.5888348312823463
2624;2413;0.5888348312823463
2625;2412;1.4403574534157324
2626;2412;1.4226477068913246
2627;2414;0.5888348312823464
2628;2415;0.5888348312823464
2629;2416;0.5888348312823464
2630;1845;1.6948677564067716
2631;1846;1.6948677564067716
2632;1847;1.6948677564067716
2633;1848;1.6948677564067716
2634;1849;1.6948677564067716
2635;1850;1.6948677564067716
2636;1851;1.6948677564067716
2637;1852;1.6948677564067716
2638;1853;1.6948677564067716
2639;1854;1.6948677564067716
2640;1855;1.6948677564067716
2641;1856;1.6948677564067716
2642;1857;1.6948677564067716
2643;1858;1.6948677564067716
2644;1859;1.6948677564067716
2645;1860;1.6948677564067716
2646;1861;1.6948677564067716
2647;1862;1.6948677564067716
2648;1863;1.6948677564067716
2649;1864;1.6948677564067716
2650;1865;1.6948677564067716
2651;1866;1.6948677564067716
2652;1867;1.6948677564067716
2653;1868;1.6948677564067716
2654;1869;1.6948677564067716
2655;1870;1.6948677564067716
2656;1871;1.6948677564067716
2657;2418;0.5888348312823464
2658;2419;0.5888348312823464
2659;2420;0.5888348312823464
2660;2421;0.5888348312823464
2661;2422;0.5888348312823464
2662;2423;0.5888348312823464
2663;2424;0.5888348312823464
2664;2425;0.5888348312823464
2665;2426;0.5888348312823464
2666;2427;0.5888348312823464
2667;2428;0.5888348312823464
2668;2429;0.5888348312823464
2669;2430;0.5888348312823464
2670;2431;0.5888348312823464
2671;2432;0.5888348312823464
2672;2433;0.5888348312823464
2673;2434;0.5888348312823464
2674;2435;0.5888348312823464
2675;2436;0.5888348312823464
2676;2437;0.5888348312823464
2677;2438;0.5888348312823464
2678;2439;0.5888348312823465
2679;2440;0.5888348312823465
2680;2441;0.5888348312823465
2681;2442;0.5888348312823465
2682;2443;0.5888348312823465
2683;2444;0.0
2684;2445;0.0
2685;2446;0.0
2686;2447;0.0
2687;2448;0.0
2688;2449;0.0
2689;2450;0.0
2690;2451;0.0
2691;2452;0.0
2692;2453;0.0
2693;2454;0.0
2694;2455;0.0
2695;2456;0.0
2696;2457;0.0
2697;2458;0.0
2698;2459;0.0
2699;2460;0.0
2700;2461;0.0
2701;2462;0.0
2702;2463;0.0
2703;2464;0.0
2704;2465;0.0
2705;2466;0.0
2706;2467;0.0
2707;2468;0.0
